Username,Email,Phone
user7534_83,user7534_83@example.com,12201104127
user1266_84,user1266_84@example.com,15577740899
user2146_73,user2146_73@example.com,19063277026
user6047_89,user6047_89@example.com,13580434616
user5382_78,user5382_78@example.com,16392131681
user5256_74,user5256_74@example.com,16161450002
user9397_95,user9397_95@example.com,15909117429
user9565_95,user9565_95@example.com,19124619107
user3049_86,user3049_86@example.com,18808577655
user3892_27,user3892_27@example.com,12046046506
user3017_14,user3017_14@example.com,12566362049
user6831_35,user6831_35@example.com,16928722969
user2970_48,user2970_48@example.com,13113576461
user9251_20,user9251_20@example.com,14971708006
user9834_44,user9834_44@example.com,19930293423
user3970_45,user3970_45@example.com,11395426100
user8802_90,user8802_90@example.com,16073477121
user7048_39,user7048_39@example.com,11820842133
user5489_11,user5489_11@example.com,15762625758
user4132_24,user4132_24@example.com,12525569214
user8048_62,user8048_62@example.com,14404431416
user6960_97,user6960_97@example.com,11581891407
user1165_11,user1165_11@example.com,14080998693
user5541_43,user5541_43@example.com,15612579030
user4026_76,user4026_76@example.com,15234986371
user5550_55,user5550_55@example.com,17633641794
user6951_14,user6951_14@example.com,19287267679
user4503_18,user4503_18@example.com,14153350341
user3558_34,user3558_34@example.com,18972807989
user7787_56,user7787_56@example.com,13363265684
user2388_12,user2388_12@example.com,17171978923
user2402_14,user2402_14@example.com,13041932353
user9620_90,user9620_90@example.com,17351389190
user5171_47,user5171_47@example.com,12545388517
user7610_92,user7610_92@example.com,11808492528
user8001_77,user8001_77@example.com,15232272356
user9068_88,user9068_88@example.com,11365644854
user1383_74,user1383_74@example.com,13657273864
user8268_81,user8268_81@example.com,13786716947
user8925_86,user8925_86@example.com,16112552908
user8291_72,user8291_72@example.com,17691251053
user7817_99,user7817_99@example.com,12622464371
user7544_72,user7544_72@example.com,15728267884
user1582_21,user1582_21@example.com,14446265710
user5044_96,user5044_96@example.com,17131972428
user3845_77,user3845_77@example.com,16194348936
user3771_82,user3771_82@example.com,18047087685
user5697_62,user5697_62@example.com,15612254471
user2157_39,user2157_39@example.com,18662815300
user9374_45,user9374_45@example.com,18315004637
user4152_11,user4152_11@example.com,19587237075
user1613_44,user1613_44@example.com,12202569307
user7970_81,user7970_81@example.com,18641199587
user2072_17,user2072_17@example.com,18660383756
user7507_40,user7507_40@example.com,19104173079
user5999_45,user5999_45@example.com,12788447402
user2620_27,user2620_27@example.com,13380107550
user2395_69,user2395_69@example.com,18446754899
user5124_24,user5124_24@example.com,16312374470
user5030_63,user5030_63@example.com,18219723486
user7318_93,user7318_93@example.com,17790378926
user4992_70,user4992_70@example.com,19672149507
user3725_41,user3725_41@example.com,14141412769
user8664_63,user8664_63@example.com,13369355907
user9928_76,user9928_76@example.com,13817566784
user9417_16,user9417_16@example.com,19521293426
user6619_35,user6619_35@example.com,13255253515
user8917_71,user8917_71@example.com,19970469765
user8814_54,user8814_54@example.com,16643591668
user4768_99,user4768_99@example.com,13045576489
user8221_76,user8221_76@example.com,19346576945
user1047_57,user1047_57@example.com,11979437604
user2982_36,user2982_36@example.com,11817242576
user2278_23,user2278_23@example.com,16904233817
user4914_14,user4914_14@example.com,14193140186
user5809_78,user5809_78@example.com,16561329654
user4467_70,user4467_70@example.com,18754001544
user9452_73,user9452_73@example.com,11949989116
user7772_79,user7772_79@example.com,14194460021
user7733_45,user7733_45@example.com,12685524609
user3576_67,user3576_67@example.com,15377640617
user8839_19,user8839_19@example.com,14329974836
user3916_29,user3916_29@example.com,16412080584
user7545_70,user7545_70@example.com,15287083061
user2468_45,user2468_45@example.com,11548780923
user9024_43,user9024_43@example.com,18324685206
user5933_82,user5933_82@example.com,18025169372
user8301_82,user8301_82@example.com,15375643394
user3845_27,user3845_27@example.com,13935630606
user2410_87,user2410_87@example.com,11950876572
user8893_86,user8893_86@example.com,11590183779
user4751_77,user4751_77@example.com,11818016225
user1631_46,user1631_46@example.com,12022846681
user7752_53,user7752_53@example.com,17018101923
user7125_19,user7125_19@example.com,16226837817
user6932_79,user6932_79@example.com,16124876855
user4361_28,user4361_28@example.com,14237323709
user2499_40,user2499_40@example.com,12452060212
user5774_39,user5774_39@example.com,12914644940
user5422_25,user5422_25@example.com,14137186655
